Product Link,Price,Ratings
/IKICH-Portable-Ice-Maker-Machine/dp/B07Q33HD6X/ref=zg_bs_appliances_1/146-4737732-6865921?_encoding=UTF8&psc=1&refRID=8MG0N4D8EKQNKC555JNR,$141.00,4.4 out of 5 stars
/Arctic-King-ARC070S0ARBB-Chest-Freezer/dp/B084B2XB7G/ref=zg_bs_appliances_2/146-4737732-6865921?_encoding=UTF8&psc=1&refRID=8MG0N4D8EKQNKC555JNR,$267.00,4.1 out of 5 stars
/Freezer-Basement-Apartment-Timeshare-Business/dp/B08241QW3R/ref=zg_bs_appliances_3/146-4737732-6865921?_encoding=UTF8&psc=1&refRID=8MG0N4D8EKQNKC555JNR,$224.99,4.3 out of 5 stars
/Midea-MRU01M3ABB-Freezer-Cu-ft-Pounds/dp/B088WX5BGQ/ref=zg_bs_appliances_4/146-4737732-6865921?_encoding=UTF8&psc=1&refRID=8MG0N4D8EKQNKC555JNR,$157.55,4.5 out of 5 stars
/KUPPET-Compact-Portable-Capacity-Semi-Automatic/dp/B07TC3659T/ref=zg_bs_appliances_5/146-4737732-6865921?_encoding=UTF8&psc=1&refRID=8MG0N4D8EKQNKC555JNR,$165.99,4.3 out of 5 stars
/Broan-Ventless-Under-Cabinet-Range/dp/B000HZY0HC/ref=zg_bs_appliances_6/146-4737732-6865921?_encoding=UTF8&psc=1&refRID=8MG0N4D8EKQNKC555JNR,$39.00,4.6 out of 5 stars
/GE-Profile-Countertop-Nugget-Maker/dp/B07YF9SGBW/ref=zg_bs_appliances_7/146-4737732-6865921?_encoding=UTF8&psc=1&refRID=8MG0N4D8EKQNKC555JNR,$549.00,4.5 out of 5 stars
/Freezer-Compact-Apartment-Home-Efficient/dp/B07XBXZP2H/ref=zg_bs_appliances_8/146-4737732-6865921?_encoding=UTF8&psc=1&refRID=8MG0N4D8EKQNKC555JNR,$225.00,4.3 out of 5 stars
/COSTWAY-Electric-Machines-Portable-Controller/dp/B074R7GK8V/ref=zg_bs_appliances_9/146-4737732-6865921?_encoding=UTF8&psc=1&refRID=8MG0N4D8EKQNKC555JNR,$89.99,3.8 out of 5 stars
/Countertop-Machine-hrs-Ice-Compact-Lightweight/dp/B07R56HW4G/ref=zg_bs_appliances_10/146-4737732-6865921?_encoding=UTF8&psc=1&refRID=8MG0N4D8EKQNKC555JNR,$139.99,4.5 out of 5 stars
/SUPER-DEAL-Portable-Apartments-Delicates/dp/B07B94ZR74/ref=zg_bs_appliances_11/146-4737732-6865921?_encoding=UTF8&psc=1&refRID=8MG0N4D8EKQNKC555JNR,$107.99,4.2 out of 5 stars
/Freezer-Compact-Refrigerator-freezer-Apartment/dp/B087M8CKZ1/ref=zg_bs_appliances_12/146-4737732-6865921?_encoding=UTF8&psc=1&refRID=8MG0N4D8EKQNKC555JNR,$197.99,4.6 out of 5 stars
/Giantex-Portable-Compact-Washing-Machine/dp/B01ALBMIEI/ref=zg_bs_appliances_13/146-4737732-6865921?_encoding=UTF8&psc=1&refRID=8MG0N4D8EKQNKC555JNR,$159.99,4.3 out of 5 stars
/AGLUCKY-Counter-Machine-Automatic-Portable/dp/B086W7Z52D/ref=zg_bs_appliances_14/146-4737732-6865921?_encoding=UTF8&psc=1&refRID=8MG0N4D8EKQNKC555JNR,$124.99,4.6 out of 5 stars
/midea-WHS-129C1-Single-Chest-Freezer/dp/B00MVVITWC/ref=zg_bs_appliances_15/146-4737732-6865921?_encoding=UTF8&psc=1&refRID=8MG0N4D8EKQNKC555JNR,$214.75,4.5 out of 5 stars
/Broan-NuTone-F403008-Two-Speed-Four-Way-Convertible/dp/B0009XB4I0/ref=zg_bs_appliances_16/146-4737732-6865921?_encoding=UTF8&psc=1&refRID=8MG0N4D8EKQNKC555JNR,$45.00,4.6 out of 5 stars
/Whynter-CUF-110B-Energy-Upright-Freezer/dp/B00M7GMEYK/ref=zg_bs_appliances_17/146-4737732-6865921?_encoding=UTF8&psc=1&refRID=8MG0N4D8EKQNKC555JNR,$188.85,4.4 out of 5 stars
/Portable-Washing-Machine-KUPPET-Apartment/dp/B081DG1BRW/ref=zg_bs_appliances_18/146-4737732-6865921?_encoding=UTF8&psc=1&refRID=8MG0N4D8EKQNKC555JNR,$109.99,3.9 out of 5 stars
/IKICH-Countertop-Portable-Electric-Indicator/dp/B0894W324Z/ref=zg_bs_appliances_19/146-4737732-6865921?_encoding=UTF8&psc=1&refRID=8MG0N4D8EKQNKC555JNR,$129.99,4.4 out of 5 stars
/Fluidmaster-12IM60-Connector-Braided-Stainless/dp/B000I18U8A/ref=zg_bs_appliances_20/146-4737732-6865921?_encoding=UTF8&psc=1&refRID=8MG0N4D8EKQNKC555JNR,$8.80,4.8 out of 5 stars
/Crownful-Machine-Countertop-Minutes-Electric/dp/B082C9ML88/ref=zg_bs_appliances_21/146-4737732-6865921?_encoding=UTF8&psc=1&refRID=8MG0N4D8EKQNKC555JNR,$139.99,4.4 out of 5 stars
/Farberware-FCD06ASWWHC-Countertop-Dishwasher-Piece/dp/B083R1GGVZ/ref=zg_bs_appliances_22/146-4737732-6865921?_encoding=UTF8&psc=1&refRID=8MG0N4D8EKQNKC555JNR,$260.83,4.5 out of 5 stars
/Igloo-ICEB26HNAQ-Automatic-Self-Cleaning-Countertop/dp/B07XS7Q54M/ref=zg_bs_appliances_23/146-4737732-6865921?_encoding=UTF8&psc=1&refRID=8MG0N4D8EKQNKC555JNR,$114.96,4.5 out of 5 stars
/hOmeLabs-Portable-Maker-Machine-Countertop/dp/B071J2LSQS/ref=zg_bs_appliances_24/146-4737732-6865921?_encoding=UTF8&psc=1&refRID=8MG0N4D8EKQNKC555JNR,$119.99,4.2 out of 5 stars
/Countertop-Reversible-Adjustable-Stainless-Apartment/dp/B082PG6HHH/ref=zg_bs_appliances_25/146-4737732-6865921?_encoding=UTF8&psc=1&refRID=8MG0N4D8EKQNKC555JNR,$159.99,4.6 out of 5 stars
/Repl%D0%B0%D1%81ement-Filter-F2W%D0%A19I1-mashines-1-Pac%D0%BA/dp/B08GM44GTL/ref=zg_bs_appliances_26/146-4737732-6865921?_encoding=UTF8&psc=1&refRID=8MG0N4D8EKQNKC555JNR,$54.90,5.0 out of 5 stars
/SUPER-DEAL-Portable-Compact-Washing/dp/B07HVSR8RF/ref=zg_bs_appliances_27/146-4737732-6865921?_encoding=UTF8&psc=1&refRID=8MG0N4D8EKQNKC555JNR,$109.99,4.3 out of 5 stars
/Arctic-King-Chest-Freezer-Black/dp/B0827CK6VX/ref=zg_bs_appliances_28/146-4737732-6865921?_encoding=UTF8&psc=1&refRID=8MG0N4D8EKQNKC555JNR,$223.78,4.3 out of 5 stars
/Automatic-Self-Cleaning-Portable-Electric-Countertop/dp/B08BDKHFXL/ref=zg_bs_appliances_29/146-4737732-6865921?_encoding=UTF8&psc=1&refRID=8MG0N4D8EKQNKC555JNR,$114.97,4.0 out of 5 stars
/RCA-Igloo-Cubc-Fridge-Freezer-Black/dp/B00Q477Z5Q/ref=zg_bs_appliances_30/146-4737732-6865921?_encoding=UTF8&psc=1&refRID=8MG0N4D8EKQNKC555JNR,$185.00,4.3 out of 5 stars
/Kismile-Counter-Self-cleaning-Automatic-Portable/dp/B08BJ7HNKD/ref=zg_bs_appliances_31/146-4737732-6865921?_encoding=UTF8&psc=1&refRID=8MG0N4D8EKQNKC555JNR,$129.99,4.3 out of 5 stars
/Machine-Countertop-Portable-Compact-Perfect/dp/B07ZV318K3/ref=zg_bs_appliances_32/146-4737732-6865921?_encoding=UTF8&psc=1&refRID=8MG0N4D8EKQNKC555JNR,$299.99,4.5 out of 5 stars
/IKICH-Ice-Maker-Countertop-Indicator/dp/B083SFN95L/ref=zg_bs_appliances_33/146-4737732-6865921?_encoding=UTF8&psc=1&refRID=8MG0N4D8EKQNKC555JNR,$134.99,4.0 out of 5 stars
/Cosmo-Under-Cabinet-Range-Stainless/dp/B074PBLJVY/ref=zg_bs_appliances_34/146-4737732-6865921?_encoding=UTF8&psc=1&refRID=8MG0N4D8EKQNKC555JNR,$119.95,4.4 out of 5 stars
/Northair-Free-Standing-Removable-Temperature-Power-Saving/dp/B085TDSPMB/ref=zg_bs_appliances_35/146-4737732-6865921?_encoding=UTF8&psc=1&refRID=8MG0N4D8EKQNKC555JNR,$309.99,4.6 out of 5 stars
/Mixpresso-Electric-Coffee-Percolator-Stainless/dp/B07J9ZS2PY/ref=zg_bs_appliances_36/146-4737732-6865921?_encoding=UTF8&psc=1&refRID=8MG0N4D8EKQNKC555JNR,$36.99,4.3 out of 5 stars
/Upgraded-Portable-automatic-Apartments-Business/dp/B08GY5VFB2/ref=zg_bs_appliances_37/146-4737732-6865921?_encoding=UTF8&psc=1&refRID=8MG0N4D8EKQNKC555JNR,$28.00,-1
/Essential-Values-Universal-Application-Whirlpool/dp/B01LZK0UG3/ref=zg_bs_appliances_38/146-4737732-6865921?_encoding=UTF8&psc=1&refRID=8MG0N4D8EKQNKC555JNR,$10.97,4.4 out of 5 stars
/Laundry-Alternative-Wonderwash-Retro-Colors/dp/B07FTXG5SG/ref=zg_bs_appliances_39/146-4737732-6865921?_encoding=UTF8&psc=1&refRID=8MG0N4D8EKQNKC555JNR,$58.00,4.3 out of 5 stars
/Broan-SP3004-Backsplash-30-Inch-Stainless/dp/B000AMOBA8/ref=zg_bs_appliances_40/146-4737732-6865921?_encoding=UTF8&psc=1&refRID=8MG0N4D8EKQNKC555JNR,$39.98,4.6 out of 5 stars
/TRUSTECH-Portable-Countertop-Semi-Auto-Cleaning/dp/B086GTPXPN/ref=zg_bs_appliances_41/146-4737732-6865921?_encoding=UTF8&psc=1&refRID=8MG0N4D8EKQNKC555JNR,$139.99,4.3 out of 5 stars
/Danby-DCF072A3WDB-6-Freezer-Warranty-Basement/dp/B085Z3LHL4/ref=zg_bs_appliances_42/146-4737732-6865921?_encoding=UTF8&psc=1&refRID=8MG0N4D8EKQNKC555JNR,$600.00,4.6 out of 5 stars
/Broan-NuTone-BUEZ024WW-Broan-Economy-24-Inch/dp/B085DV6J9B/ref=zg_bs_appliances_43/146-4737732-6865921?_encoding=UTF8&psc=1&refRID=8MG0N4D8EKQNKC555JNR,$39.00,4.6 out of 5 stars
/Frigidaire-EFIC115-SS-EFIC115-Extra-Stainless/dp/B075CPXP1H/ref=zg_bs_appliances_44/146-4737732-6865921?_encoding=UTF8&psc=1&refRID=8MG0N4D8EKQNKC555JNR,$149.99,3.7 out of 5 stars
/Kismile-Removable-Standing-Adjustable-Temperature/dp/B086YDR2XT/ref=zg_bs_appliances_45/146-4737732-6865921?_encoding=UTF8&psc=1&refRID=8MG0N4D8EKQNKC555JNR,$249.99,4.6 out of 5 stars
/Giantex-Full-Automatic-Portable-programs-Selections/dp/B078MGY2CS/ref=zg_bs_appliances_46/146-4737732-6865921?_encoding=UTF8&psc=1&refRID=8MG0N4D8EKQNKC555JNR,$249.99,4.4 out of 5 stars
/Portable-Washing-Machine-TG23-Compartments/dp/B075XQRXCF/ref=zg_bs_appliances_47/146-4737732-6865921?_encoding=UTF8&psc=1&refRID=8MG0N4D8EKQNKC555JNR,$199.95,4.1 out of 5 stars
/Antarctic-Star-Refrigerator-Single-Door-Adjustable/dp/B07P66567C/ref=zg_bs_appliances_48/146-4737732-6865921?_encoding=UTF8&psc=1&refRID=8MG0N4D8EKQNKC555JNR,$199.99,4.6 out of 5 stars
/Refrigerator-Replacement-Filter-F2WC9I1-2-Pack/dp/B08GS8SVRW/ref=zg_bs_appliances_49/146-4737732-6865921?_encoding=UTF8&psc=1&refRID=8MG0N4D8EKQNKC555JNR,$0,-1
/BOSALY-Machine-Electric-Portable-Perfect/dp/B088LYGYS5/ref=zg_bs_appliances_50/146-4737732-6865921?_encoding=UTF8&psc=1&refRID=8MG0N4D8EKQNKC555JNR,$169.99,4.8 out of 5 stars
